,initial_loss,mean,best,worst
0,0.27412891387939453,0.13421276584267616,0.10999999940395355,0.1649128496646881
