,initial_loss,mean,best,worst
0,0.27999430894851685,0.13502653688192368,0.10999999940395355,0.1599999964237213
