,initial_loss,mean,best,worst
0,2.301936626434326,1.8824543952941895,1.8824543952941895,1.8824543952941895
